id,Label,Type,Role,Affiliated Actor(s),Description,Location,Latitude,Longitude,Connection Evidence
A001,SoLaWi BAUERei Potsdam-Grube,SoLaWi,Food Producer,,,"BAUERei Potsdam-Grube e.V., die Solawi für Potsdam",52.43239117497451,12.954010608583742,
A006,Ökonauten eG,Organization/Institution,Supporting Organisation,,Organisation that leases land to SoLaWis in Berlin-Brandenburg,Ökonauten eG,52.75993509349558,13.715373115944956,https://www.youtube.com/watch?v=do9YxpgdvY4
A007,Jugendschule am Schlänitzsee,School,Education,,Its part of another school in potsdam (Montessori-Oberschule Potsdam)  which promotes practical work. they started collaborations with the Solawi,Jugendschule am Schlänitzsee,52.44703999883034,12.95714580436981,
A008,Ernährungsrat Potsdam (Food Council Potsdam),Government,Network or Intermediary,Ernährungsrat Brandenburg,Run the BioRegion Havelland program. They are a diverse alliance of citizens who advocate for a sustainable food system in the region,Nansenstr. 6 14471 Potsdam,52.404994190190635,12.999692213774509,https://www.youtube.com/watch?v=do9YxpgdvY4
A009,Ernährungsrat Brandenburg,Government,Network or Intermediary,,,,52.39541869984467,12.928558156474462,https://www.youtube.com/watch?v=do9YxpgdvY4
A010,Netzwerk “Hier kommt dein Essen her”,Organization/Institution,Network or Intermediary,BioRegion Havelland,Regional food transparency and direct marketing network in Brandenburg,"Luisenstraße 20 D, 14542 Werder (Havel)",52.396663158412295,13.036393783960124,Listed on the website
A011,BioRegion Havelland,Organization/Institution,Network or Intermediary,Ernährungsrat Brandenburg,"regional network that connects and supports organic farmers, food processors, and businesses to strengthen sustainable, local organic food chains","Luisenstraße 20 D, 14542 Werder (Havel)",52.395477621248006,12.927989528142376,
A012,Stadt-Land.move e.V.,Organization/Institution,Network or Intermediary,,organization that supports Ernährungsrat Potsdam (Food Council Potsdam),"Luisenstraße 20 D, 14542 Werder (Havel)",52.395477621248006,12.927989528142376,"link to all of their projects, might there be one related to Brauerei or another SoLaWi, def worth checking"
A013,LEADER program,Government,Governance,"Ministerium für Land- und Ernährungswirtschaft, Umwelt und Verbraucherschutz (MLEUV)","The Common Agricultural Policy is a large and important policy area of the EU. Besides the purely agricultural promotion, it also includes the development rural areas. In this context, LEADER is one of the funding instruments that serve to support rural infrastructures. LEADER focuses on initiatives at the local level and thus on the networking of the local population and local actors.","Henning-von-Tresckow-Straße 2-13, 14467 Potsdam",52.39411497744646,13.052931055123492,https://www.youtube.com/watch?v=do9YxpgdvY4
A014,Land Brandenburg,Government,Governance,,"Farm to dinner table was partially funded by them , same address as F16 LEADER programm","Henning-von-Tresckow-Straße 2-13, 14467 Potsdam",52.39411497744646,13.052931055123492,
A015,(ELER program) Europäischer Landwirtschaftsfonds für die Entwicklung des ländlichen Raums,Organization/Institution,Governance,,,,,,
A016,Heimvolksschule am Seddiner See e.V. ,School,Education,,,"Seeweg 2, 14554 Seddiner See-Neuseddin",52.27800692832174,13.00873166860795,
A017,BNE Brandenburg,Organization/Institution,Education,,,"50 m rechts vom Eingang zum Botanischen Garten, Unter den Eichen, 12203 Berlin",52.45430557856854,13.30570518836139,https://www.instagram.com/p/DCi89C0skd1/
A018,AWO Grundschule ,School,Education,,,"In d. Feldmark 28, 14476 Potsdam Nord",52.412319881271046,12.981799668615107,https://www.instagram.com/p/DPv4EvqiE8h/?img_index=2
A019,"AWO Grundschule ""Marie Juchacz""",School,Education,,,"In d. Feldmark 28, 14476 Potsdam Nord",52.412319881271046,12.981799668615107,https://www.youtube.com/watch?v=do9YxpgdvY4
A020,Netzwerk Solidarische Landwirtschaft e.V.,Organization/Institution,Network or Intermediary,,Overarching umbrella organisation for SoLaWis in Germany,,50.897815006317146,7.027349183377116,https://www.youtube.com/watch?v=do9YxpgdvY4
A021,Bundesarbeitsgemeinschaft Lernort Arensnest Bauernhof e.V. (BAGLOB),Organization/Institution,Network or Intermediary,,"It is an association of pedagogically working people, initiatives and organisations that together pursue the goal of making everyday agricultural life and the creation and processing of food experienceable for children, adolescents and adults.",Nansenstraße 6，14471 Potsdam,52.39666970505415,13.036393783960124,https://www.youtube.com/watch?v=do9YxpgdvY4
A022,Heinrich Böll Stiftung,Organization/Institution,Civil Society,,Were at the bottom of a flyer at the bottom of flyer organic agrilcutre seminar ,"Schumannstraße 8, 10117 Berlin",52.52382537192818,13.383124682111733,https://www.instagram.com/p/DN8J1wUjMlf/
A023,Bündnis Junge Landwirtschaft ,Organization/Institution,Civil Society,,Were at the bottom of a flyer at the bottom of flyer organic agrilcutre seminar ,"Marienstraße 19-20, 10117 Berlin",52.52253694740444,13.384517755130334,https://www.instagram.com/p/DN8J1wUjMlf/
A024,Einführungsseminare Ökolandbau ,Organization/Institution,Education,,Were at the bottom of a flyer at the bottom of flyer organic agrilcutre seminar ,"Marienstraße 19-20, 10117 Berlin",52.52253694740444,13.384517755130334,https://www.instagram.com/p/DFYOgwXM87v/?img_index=2
A025,Wir haben es satt!,Organization/Institution,Civil Society,SoLaWi BAUERei Potsdam-Grube,"Farmers, gardeners, hand workers, as well as climate, nature, animal, and environmental activists together 

They organize the green week in Berlin 

Have a really wide network

Seems like BRAUERei joined one demonstration in 2023 ","Marienstraße 19-20, 10117 Berlin",52.52253694740444,13.384517755130334,https://www.instagram.com/p/CnzubcIjfFM/
A026,"Bundesministerium für Landwirtschaft, Ernährung und Heimat (BMLEH)",Government,Governance,,Were at the bottom of a flyer at the bottom of flyer organic agrilcutre seminar ,"Wilhelmstraße 54, 10117 Berlin",52.51378174515817,13.38264305512988,https://www.instagram.com/p/DN8J1wUjMlf/
A027,IG BAU (Industriegewerkschaft Bauen-Agrar-Umwelt),Organization/Institution,Civil Society,,"trade union in Germany with a membership of 350,000","Lückstraße 72-73, 10317 Bezirk Lichtenberg",52.50267256665459,13.487311114657368,"collaborated with a trade union secretary of IG-BAU in a ""workshop on working conditions in Solawis, among other things"" in 2023 in Meissen"
A028,Fridays for Future ,Organization/Institution,Civil Society,,,"Am Treptower Park 75, 12435 Berlin-Bezirk Treptow-Köpenick",52.49219785394064,13.457671226292263,https://www.instagram.com/p/DA6q5fptmOY/?img_index=1
A029,INISEK (Initiative Sekundarstufe I),Government,Education,,"It is aimed at high schools, comprehensive schools and special schools with the special Educational focus ""Learning"".","Innungsstraße 40, 13509 Berlin",52.578904065790084,13.30874225513334,https://www.youtube.com/watch?v=do9YxpgdvY4
A030,Jugend und Sport des Landes Brandenburg,Government,Governance,,"Have run a Jugend und Sport des Landes Brandenburg collaboration with Schule am Plessower See, and Schule des Lebens","Heinrich-Mann-Allee 107/c/o, 14473 Potsdam",52.389099931945374,13.072248539777426,https://www.youtube.com/watch?v=do9YxpgdvY4
A031,Schule am Plessower See,School,Education,,,"Kemnitzer Ch 75, 14542 Werder (Havel)",52.39346732601914,12.899814655123558,https://www.youtube.com/watch?v=do9YxpgdvY4
A032,Schule des Lebens,School,Education,,,,52.32515218359812,12.744809867014636,https://www.youtube.com/watch?v=do9YxpgdvY4
A033,Independent Living Stiftung,Organization/Institution,Civil Society,,"Kinder- und Jugendhilfeeinrichtungen in Potsdam:

We offer a variety of innovative, high-quality and reliable education and care services. With a regional reference, we support cities and municipalities flexibly and transparently in solving municipal tasks.

In our basic attitude, we assume that every person determines his own life. In the institutions and projects of the INDEPENDENT LIVING Foundation, people are involved in all decisions that affect their affairs.","Briesener Straße 4
15230 Frankfurt (Oder)",52.340378906972944,14.544197455120758,https://www.youtube.com/watch?v=do9YxpgdvY4
A034,WWOOF: Worldwide Opportunities on Organic Farms,Organization/Institution,Network or Intermediary,,,"Hauptstr. 30, 99752 Bleicherode, Germany",51.43809247873846,10.568206783909583,https://www.youtube.com/watch?v=do9YxpgdvY4
A035,Montelino im Volkspark (Depot),Depot,Supporting Organisation,SoLaWi BAUERei Potsdam-Grube,Kinder und Jugendcircus ,,,,https://bauerei-potsdam-grube.de/2025/12/28/3-monats-probe-abo-2025-oder-patenbaum/
A036,Maulbeerallee (Depot),Depot,Supporting Organisation,SoLaWi BAUERei Potsdam-Grube,,,,,https://bauerei-potsdam-grube.de/2025/12/28/3-monats-probe-abo-2025-oder-patenbaum/
A037,Nansenstraße (Depot),Depot,Supporting Organisation,SoLaWi BAUERei Potsdam-Grube,,,,,https://bauerei-potsdam-grube.de/2025/12/28/3-monats-probe-abo-2025-oder-patenbaum/
A038,Lottenhof (Depot),Depot,Supporting Organisation,SoLaWi BAUERei Potsdam-Grube,,,,,https://bauerei-potsdam-grube.de/2025/12/28/3-monats-probe-abo-2025-oder-patenbaum/
A039,Einsteinstraße (Depot),Depot,Supporting Organisation,SoLaWi BAUERei Potsdam-Grube,,,,,https://bauerei-potsdam-grube.de/2025/12/28/3-monats-probe-abo-2025-oder-patenbaum/
A040,Projekthaus Babelsberg (Depot),Depot,Supporting Organisation,SoLaWi BAUERei Potsdam-Grube,"Housing project and focus on education, intercultural meetings, ecological mobility and sustainability ",,,,https://bauerei-potsdam-grube.de/2025/12/28/3-monats-probe-abo-2025-oder-patenbaum/
A041,Uferwerk eG (Depot),Depot,Supporting Organisation,SoLaWi BAUERei Potsdam-Grube,Housing Society in Werder ,,,,https://bauerei-potsdam-grube.de/2025/12/28/3-monats-probe-abo-2025-oder-patenbaum/
A042,Werder/Kesselgrundstraße (Depot),Depot,Supporting Organisation,SoLaWi BAUERei Potsdam-Grube,,,,,https://bauerei-potsdam-grube.de/2025/12/28/3-monats-probe-abo-2025-oder-patenbaum/
A043,BikeBash,Organization/Institution,Civil Society,,Biking group that has several posts where they tag BAUERei,"Grenzstraße 6, 14482 Potsdam-Babelsberg",52.398060161569674,13.094372339777948,https://www.instagram.com/p/CwvW8ugMs4G/?img_index=1
A044,Gud Berlin ,Organization/Institution,Supporting Organisation,SoLaWi BAUERei Potsdam-Grube,,"Linienstraße 145, Berlin, Germany 10115",52.52692472705909,13.391177039784829,https://www.instagram.com/p/DAs4_15MdsY/
A045,European Commission,Government,Governance,,,"Rue de la Loi 200 / Wetstraat 200, 1049 Brussels, Belgium",50.843257490382626,4.381848812715104,
A046,BIOHOF WERDER,Organization/Institution,Food Producer,BioRegion Havelland,Organic farm producing fruit/vegetables for regional distribution,"Eisenbahnstraße 158, 14542 Werder (Havel)",52.3851251007124,12.93018238766991,https://www.bioregion-havelland.de/index.php/kooperationspartner/
A047,BioInsel Rathenow & Albertinenhof Havelland,Organization/Institution,Food Producer,BioRegion Havelland,Organic farming enterprises in Havelland production network,"Rhinower Landstraße 193, 14712 Rathenow",52.65513585341285,12.336313283973892,https://www.maz-online.de/lokales/havelland/bio-obst-und-gemuese-aus-dem-havelland-neues-netzwerk-bioregion-havelland-XGOKB3TOJBES3CXGHJQ24H4R6E.html
A048,Der Obstbäumerich mit Obstmuckelei,Organization/Institution,Food Producer,BioRegion Havelland,Fruit production/processing partner,"Schöpfurter Straße 14
16225 Eberswalde",52.834153764973,13.791860115598917,https://www.bioregion-havelland.de/index.php/kooperationspartner/
A049,Freie Waldorfschule Werder/Havel,School,Education,BioRegion Havelland; BAUERei Grube,Alternative pedagogy school involved in food education and regional learning,"Elsastraße 14-16, 14542 Werder (Havel)",52.39664822515144,12.92458988210495,https://www.bioregion-havelland.de/index.php/kooperationspartner/
A050,GÖHLSDORFER HOF,Organization/Institution,Food Producer,BioRegion Havelland,Organic farm partner in regional supply system,"Lehniner Allee 21, 14797 Kloster Lehnin-Göhlsdorf",52.358170705036144,12.797574176032967,https://www.bioregion-havelland.de/index.php/kooperationspartner/
A051,GUTER KONSUM – Bio Dorfladen,Organization/Institution,Supporting Organisation,BioRegion Havelland,Organic retail/distribution partner,"Mittelstraße 4, 14542 Werder (Havel)",52.42928912051326,12.887232382382873,https://www.bioregion-havelland.de/index.php/kooperationspartner/
A052,Mostmanufaktur Havelland,Organization/Institution,Supporting Organisation,BioRegion Havelland,Fruit processing (juices/cider etc.),"Ketzürer Dorfstraße 30, 14778 Beetzseeheide-Ketzür",52.49472714605133,12.630331337423518,https://www.maz-online.de/lokales/havelland/bio-obst-und-gemuese-aus-dem-havelland-neues-netzwerk-bioregion-havelland-XGOKB3TOJBES3CXGHJQ24H4R6E.html
A053,OBSTBAU BITTNER,Organization/Institution,Food Producer,BioRegion Havelland,Fruit farm production partner,"Neue Ch, 14641 Wustermark",52.508840972014745,12.967608483461717,https://www.bioregion-havelland.de/index.php/kooperationspartner/
A054,Restaurant Theo im Fontane-Klub,Organization/Institution,Supporting Organisation,BioRegion Havelland,Gastronomy partner serving regional food,"Ritterstraße 69, 14770 Brandenburg an der Havel",52.41200156012799,12.556452037419158,https://www.bioregion-havelland.de/
A055,Sanddorn Christine Berger GmbH & Co.KG,Organization/Institution,Food Producer,BioRegion Havelland,Large-scale sea buckthorn producer/processor,"Sanddorn-Garten, Fercher Str. 60, 14542 Werder (Havel)-Petzow",52.34723105167963,12.944039112793996,https://www.bioregion-havelland.de/index.php/kooperationspartner/
A056,HAVELKNOLLE,SoLaWi,Food Producer,BioRegion Havelland,CSA vegetable production system,"Bindefeldstraße 25, 14776 Brandenburg an der Havel-Göttin",52.36549243600508,12.543881968612647,https://www.bioregion-havelland.de/index.php/kooperationspartner/
A057,LandWertSchaffen – mit Hand und Huf,SoLaWi,Food Producer,BioRegion Havelland,Regenerative agriculture / CSA-style farming,"Eichelkamp 3, 14469 Potsdam Nord",52.43659288290829,13.034716864401679,https://www.bioregion-havelland.de/index.php/kooperationspartner/
A058,Luch Gärtnerei,SoLaWi,Food Producer,BioRegion Havelland,Market garden vegetable production,"Möthlower Hauptstraße 5, 14715 Märkisch Luch",52.609052989168646,12.65332596255569,https://www.maz-online.de/lokales/havelland/bio-obst-und-gemuese-aus-dem-havelland-neues-netzwerk-bioregion-havelland-XGOKB3TOJBES3CXGHJQ24H4R6E.html
A059,VON HAND Blumen und Gemüse,Organization/Institution,Food Producer,BioRegion Havelland,Small-scale organic flower/vegetable farm,"Bliesendorfer Str. 55, 14542 Werder (Havel)",52.358567861134226,12.892978454617321,https://www.bioregion-havelland.de/index.php/kooperationspartner/
A060,WaldRaum Café,Organization/Institution,Supporting Organisation,BioRegion Havelland,Cultural venue participating in regional food events,"Neuendorfer Str. 17, 14822 Borkheide",52.22842161728393,12.855008956465571,https://www.bioregion-havelland.de/
A061,Weingut Swillus,Organization/Institution,Food Producer,BioRegion Havelland,Wine producer in regional food economy,"Am Alten Weinberg 7, 14542 Werder (Havel)-Töplitz",52.441511863004166,12.89957879721736,https://www.bioregion-havelland.de/index.php/kooperationspartner/
A062,European Union,Government,Governance,BioRegion Havelland,EU rural development funding source,,50.843257490382626,4.381848812715104,https://www.bioregion-havelland.de/
A063,Agrathaer GmbH,Organization/Institution,Supporting Organisation,BioRegion Havelland,Research and innovation consultancy for sustainable agriculture and rural development,"Eberswalder Str. 84, 15374 Müncheberg",52.515140564985245,14.114863131150056,https://www.bioregion-havelland.de/index.php/kooperationspartner/
A064,GLS Bank,Organization/Institution,Supporting Organisation,,"Ethical bank financing social enterprises, organic farms, and cooperatives","Christstraße 9, 44789 Bochum, Germany",51.471091466320935,7.219914212747777,https://www.bioregion-havelland.de/index.php/kooperationspartner/
A065,Netzwerk Junge Landwirtschaft,Organization/Institution,Civil Society,,Network supporting young ecological farmers in Germany,Marienstraße 19-20 10117 Berlin,52.52257611510429,13.38451775513034,https://www.bioregion-havelland.de/index.php/kooperationspartner/
A066,BioBoden Genossenschaft eG,Organization/Institution,Supporting Organisation,Ökonauten eG,Land acquisition cooperative supporting ecological farming and land access in Germany,"Dorfstraße 58, 17321 Rothenklempenow",53.5209987299829,14.206594708642056,https://www.ecologic.eu/sites/default/files/publication/2024/30000-KOPOS-Neue-Kooperationsformen-fuer-die-Transformation-regionaler-AFS.pdf
A067,Kulturland eG,Organization/Institution,Supporting Organisation,Ökonauten eG,Cooperative focused on collective farmland ownership for agroecological transition,"Hauptstraße 19, 29456 Hitzacker (Elbe)",53.152769982689094,11.0480330184025,https://www.ecologic.eu/sites/default/files/publication/2024/30000-KOPOS-Neue-Kooperationsformen-fuer-die-Transformation-regionaler-AFS.pdf
A068,Regionalwert AG Berlin-Brandenburg,Organization/Institution,Supporting Organisation,Ökonauten eG,Regional investment cooperative supporting sustainable agriculture and food systems,"Nansenstraße 6a, 14471 Potsdam-Westliche Vorstadt",52.39665151178311,13.036887823927684,https://www.regionalwert-berlin.de/darum-gehts/das-regionalwert-netzwerk/
A069,FÖL Berlin-Brandenburg,Organization/Institution,Network or Intermediary,Ökonauten eG,Organic farming promotion network in Berlin-Brandenburg region,,52.52247427970806,13.38436054113533,https://www.regionalwert-berlin.de/darum-gehts/das-regionalwert-netzwerk/
A070,BNE-Servicestelle Brandenburg,Government,Education,Netzwerk “Hier kommt dein Essen her”,Service centre for Education for Sustainable Development (ESD/BNE) in Brandenburg,,52.45214452513118,13.311310110439985,https://www.ernaehrungsrat-brandenburg.de/projekte/netzwerk-hier-kommt-dein-essen-her-ab-2021-fortlaufend/
A071,Vernetzungsstelle Schulverpflegung Brandenburg,Government,Governance,Netzwerk “Hier kommt dein Essen her”,Public body coordinating school food systems in Brandenburg,,52.40111209987259,13.053335327638267,https://www.ernaehrungsrat-brandenburg.de/projekte/netzwerk-hier-kommt-dein-essen-her-ab-2021-fortlaufend/
A072,Evangelische Schule Berlin-Friedrichshain,School,Education,Netzwerk “Hier kommt dein Essen her”,School participating in food education and sustainable food system initiatives,,52.52128105057677,13.449094421232662,https://www.ernaehrungsrat-brandenburg.de/projekte/netzwerk-hier-kommt-dein-essen-her-ab-2021-fortlaufend/
A073,Sarah Wiener Stiftung,Organization/Institution,Education,Netzwerk “Hier kommt dein Essen her”,Foundation focused on nutrition education and children’s food literacy,,52.50179990663144,13.434093983965722,https://www.ernaehrungsrat-brandenburg.de/projekte/netzwerk-hier-kommt-dein-essen-her-ab-2021-fortlaufend/
A074,1 Hektar Zukunft,Organization/Institution,Education,Netzwerk “Hier kommt dein Essen her”,Initiative for sustainable agriculture education and farm-based learning,,52.27091311663479,13.307090106719986,https://www.ernaehrungsrat-brandenburg.de/projekte/netzwerk-hier-kommt-dein-essen-her-ab-2021-fortlaufend/
A075,GemüseBeatz,Organization/Institution,Food Producer,Netzwerk “Hier kommt dein Essen her”,Agroecological food culture initiative combining farming and education,,51.43832998768755,14.258241362202206,https://www.ernaehrungsrat-brandenburg.de/projekte/netzwerk-hier-kommt-dein-essen-her-ab-2021-fortlaufend/
A076,"Landesamt für Ländliche Entwicklung, Landwirtschaft und Flurneuordnung (LELF Brandenburg)",Government,Governance,LEADER program,Managing authority for LEADER funding applications in Brandenburg,,52.942845343239554,12.804565466374871,https://lelf.brandenburg.de/lelf/de/service/foerderung/leader/
A077,"Ministerium für Landwirtschaft, Umwelt und Klimaschutz (MLUK Brandenburg)",Government,Governance,LEADER program,Responsible ministry setting LEADER policy and funding framework in Brandenburg,,52.39393473793309,13.05365849087636,https://mleuv.brandenburg.de/mleuv/de/land-und-ernaehrungswirtschaft/laendliche-entwicklung/leader/
A078,LEADER-Region Havelland (LAG Havelland),Organization/Institution,Governance,LEADER program,Regional LEADER implementation area covering Havelland,,52.605534993972,12.349858852775254,https://mleuv.brandenburg.de/mleuv/de/land-und-ernaehrungswirtschaft/laendliche-entwicklung/leader/
A079,LEADER-Region Fläming-Havel,Organization/Institution,Governance,LEADER program,Defined LEADER regional governance area in Brandenburg,,52.11432278726253,12.455521271805322,https://mleuv.brandenburg.de/mleuv/de/land-und-ernaehrungswirtschaft/laendliche-entwicklung/leader/
A080,LEADER-Region Märkische Seen,Organization/Institution,Governance,LEADER program,Defined LEADER regional governance area in Brandenburg,,52.537055010728395,13.633449866262229,https://mleuv.brandenburg.de/mleuv/de/land-und-ernaehrungswirtschaft/laendliche-entwicklung/leader/
A081,LEADER-Region Uckermark,Organization/Institution,Governance,LEADER program,Defined LEADER regional governance area in Brandenburg,,53.01620470504115,14.005686514180384,https://mleuv.brandenburg.de/mleuv/de/land-und-ernaehrungswirtschaft/laendliche-entwicklung/leader/
A082,LEADER-Region Spree-Neiße,Organization/Institution,Governance,LEADER program,Defined LEADER regional governance area in Brandenburg,,51.752164963206475,14.657437309268577,https://mleuv.brandenburg.de/mleuv/de/land-und-ernaehrungswirtschaft/laendliche-entwicklung/leader/
A083,Bio Hofgut Kleimeier,SoLaWi,Food Producer,,,,52.42708428836298,12.876773571821897,BioRegion Havelland Kooperationspartner page
A084,Montessori-Oberschule Potsdam,School,Education,Jugendschule am Schlänitzsee; SoLaWi BAUERei Potsdam-Grube,Public Montessori secondary school in Potsdam that integrates the Jugendschule am Schlänitzsee into its Years 7–8 educational programme based on Maria Montessori’s Erdkinderplan.,"Schlüterstraße 2–4, 14471 Potsdam, Germany",52.38902102774497,13.013802895090794,https://www.potsdam-montessori.de/geschichte-jugendschule
A085,Landkreis Potsdam-Mittelmark,Government,Governance,,,,52.14243978938916,12.584650455110229,
A086,SoLaWi Members (Luch Gärtnerei),Organization/Institution,Civil Society,Luch Gärtnerei,Members of the Luch Gärtnerei solidarity agriculture scheme who collectively finance the farm and receive weekly harvest shares.,,,,https://www.luchgaertnerei.de/solawi